<?xml version="1.0" encoding="UTF-8"?>
<project-private xmlns="http://www.netbeans.org/ns/project-private/1">
    <editor-bookmarks xmlns="http://www.netbeans.org/ns/editor-bookmarks/2" lastBookmarkId="0"/>
    <open-files xmlns="http://www.netbeans.org/ns/projectui-open-files/2">
        <group>
            <file>file:/C:/SharedVM/NodeJS/projects/SoaringThroughClouds/LoyaltyProgramMS/LoyaltyPointsMS/config/config.js</file>
            <file>file:/C:/SharedVM/NodeJS/projects/SoaringThroughClouds/LoyaltyProgramMS/LoyaltyPointsMS/data/in-memory.js</file>
            <file>file:/C:/SharedVM/NodeJS/projects/SoaringThroughClouds/LoyaltyProgramMS/LoyaltyPointsMS/main.js</file>
            <file>file:/C:/SharedVM/NodeJS/projects/SoaringThroughClouds/LoyaltyProgramMS/LoyaltyPointsMS/data/loyaltypoints.json</file>
            <file>file:/C:/SharedVM/NodeJS/projects/SoaringThroughClouds/LoyaltyProgramMS/LoyaltyPointsMS/services/rest-server.js</file>
        </group>
    </open-files>
</project-private>
