{
    "author": "José Carlos P. Rodrigues",
    "data": [
        {
            "lp_movement_id": "00000000001",
            "loyalty_points": 4,
            "customer_id": "0019283094",
            "order_id": "019928497323",
            "order_net_value": 142.35,
            "transaction_id": "917832326492873",
            "points_movement_date": "2018-03-08T08:40:51.620Z"
        },
        {
            "lp_movement_id": "00000000002",
            "loyalty_points": 7,
            "customer_id": "0019283094",
            "order_id": "019928497323",
            "order_net_value": 239.35,
            "transaction_id": "917832326492873",
            "points_movement_date": "2018-03-09T08:40:51.620Z"
        },
        {
            "lp_movement_id": "00000000003",
            "loyalty_points": 1,
            "customer_id": "0019283094",
            "order_id": "019928497323",
            "order_net_value": 5.29,
            "transaction_id": "917832326492873",
            "points_movement_date": "2018-02-08T08:40:51.620Z"
        },
        {
            "lp_movement_id": "00000000004",
            "loyalty_points": 40,
            "customer_id": "0019283094",
            "order_id": "019928497323",
            "order_net_value": 1590.56,
            "transaction_id": "917832326492873",
            "points_movement_date": "2018-03-18T08:40:51.620Z"
        },
        {
            "lp_movement_id": "00000000005",
            "loyalty_points": 2,
            "customer_id": "0019283094",
            "order_id": "019928497323",
            "order_net_value": 70.35,
            "transaction_id": "917832326492873",
            "points_movement_date": "2018-03-16T09:40:51.620Z"
        },
        {
            "lp_movement_id": "00000000006",
            "loyalty_points": 4,
            "customer_id": "0019283094",
            "order_id": "019928497323",
            "order_net_value": 142.35,
            "transaction_id": "917832326492873",
            "points_movement_date": "2018-03-08T08:40:51.620Z"
        },
        {
            "lp_movement_id": "00000000007",
            "loyalty_points": 4,
            "customer_id": "0019283094",
            "order_id": "019928497323",
            "order_net_value": 142.35,
            "transaction_id": "917832326492873",
            "points_movement_date": "2018-03-08T08:40:51.620Z"
        },
        {
            "lp_movement_id": "00000000008",
            "loyalty_points": 4,
            "customer_id": "0019283094",
            "order_id": "019928497323",
            "order_net_value": 142.35,
            "transaction_id": "917832326492873",
            "points_movement_date": "2018-03-08T08:40:51.620Z"
        },
        {
            "lp_movement_id": "00000000009",
            "loyalty_points": 4,
            "customer_id": "0019283094",
            "order_id": "019928497323",
            "order_net_value": 142.35,
            "transaction_id": "917832326492873",
            "points_movement_date": "2018-03-08T08:40:51.620Z"
        },
        {
            "lp_movement_id": "00000000010",
            "loyalty_points": 4,
            "customer_id": "0019283094",
            "order_id": "019928497323",
            "order_net_value": 142.35,
            "transaction_id": "917832326492873",
            "points_movement_date": "2018-03-08T08:40:51.620Z"
        },
        {
            "lp_movement_id": "00000000011",
            "loyalty_points": 4,
            "customer_id": "0019283094",
            "order_id": "019928497323",
            "order_net_value": 142.35,
            "transaction_id": "917832326492873",
            "points_movement_date": "2018-03-08T08:40:51.620Z"
        },
        {
            "lp_movement_id": "00000000012",
            "loyalty_points": 4,
            "customer_id": "0019283094",
            "order_id": "019928497323",
            "order_net_value": 142.35,
            "transaction_id": "917832326492873",
            "points_movement_date": "2018-03-08T08:40:51.620Z"
        },
        {
            "lp_movement_id": "00000000013",
            "loyalty_points": 4,
            "customer_id": "0019283094",
            "order_id": "019928497323",
            "order_net_value": 142.35,
            "transaction_id": "917832326492873",
            "points_movement_date": "2018-03-01T08:40:51.620Z"
        },
        {
            "lp_movement_id": "00000000014",
            "loyalty_points": 4,
            "customer_id": "0019283094",
            "order_id": "019928497323",
            "order_net_value": 142.35,
            "transaction_id": "917832326492873",
            "points_movement_date": "2018-02-22T08:40:51.620Z"
        },
        {
            "lp_movement_id": "00000000015",
            "loyalty_points": 4,
            "customer_id": "0019283094",
            "order_id": "019928497323",
            "order_net_value": 142.35,
            "transaction_id": "917832326492873",
            "points_movement_date": "2018-03-12T12:40:51.620Z"
        },
        {
            "lp_movement_id": "00000000016",
            "loyalty_points": 4,
            "customer_id": "0019283094",
            "order_id": "019928497323",
            "order_net_value": 142.35,
            "transaction_id": "917832326492873",
            "points_movement_date": "2018-03-12T08:40:51.620Z"
        },
        {
            "lp_movement_id": "00000000017",
            "loyalty_points": 4,
            "customer_id": "0019283094",
            "order_id": "019928497323",
            "order_net_value": 142.35,
            "transaction_id": "917832326492873",
            "points_movement_date": "2018-03-10T08:40:51.620Z"
        },
        {
            "lp_movement_id": "00000000018",
            "loyalty_points": 4,
            "customer_id": "0019283094",
            "order_id": "019928497323",
            "order_net_value": 142.35,
            "transaction_id": "917832326492873",
            "points_movement_date": "2018-01-19T08:40:51.620Z"
        },
        {
            "lp_movement_id": "00000000019",
            "loyalty_points": 4,
            "customer_id": "0019283094",
            "order_id": "019928497323",
            "order_net_value": 142.35,
            "transaction_id": "917832326492873",
            "points_movement_date": "2018-02-19T08:40:51.620Z"
        },
        {
            "lp_movement_id": "00000000020",
            "loyalty_points": 4,
            "customer_id": "0019283094",
            "order_id": "019928497323",
            "order_net_value": 142.35,
            "transaction_id": "917832326492873",
            "points_movement_date": "2018-03-06T08:40:51.620Z"
        },
        {
            "lp_movement_id": "00000000021",
            "loyalty_points": 4,
            "customer_id": "0019283094",
            "order_id": "019928497323",
            "order_net_value": 142.35,
            "transaction_id": "917832326492873",
            "points_movement_date": "2018-03-05T08:40:51.620Z"
        }
    ]
    
}
